{
    "categories": [
        {
            "title": "## \uD83E\uDDE8 BREAKING CHANGES",
            "labels": ["BREAKING_CHANGE"]
        },
        {
            "title": "## \uD83D\uDE80 Features",
            "labels": ["feature"]
        },
        {
            "title": "## \uD83E\uDDF0 Maintenance",
            "labels": ["chore"]
        },
        {
            "title": "## \uD83E\uDEB2 Fixes",
            "labels": ["fix", "bug"]
        },
        {
            "title": "## \uD83E\uDDEA Tests",
            "labels": ["test"]
        },
        {
            "title": "## :shrug: Dependabot",
            "labels": ["dependabot"]
        }
    ],
    "base_branches": ["main", "develop"],
    "template": "${{CHANGELOG}}\n\n<details>\n<summary>Uncategorized</summary>\n\n${{UNCATEGORIZED}}\n</details>"
}
